1105 Media_ Inc., catsone.com
2 Brothers Moving & Delivery, 
24 Hour Fitness_ INC., 
7-Eleven, 
8-koi_ Inc., 
Applied Composite Technology Inc, 
Artera, 
Buffalo Public Schools, 
City of Moorhead_ MN, 
Environmental Tectonics Corporation, 
Excentium, 
Grubb Properties, 
Hall Contracting Of Kentucky, 
Hoselton, 
HydroExcavators, 
HydroExcavators II, 
KS Energy Services, 
Millennium Hotel Buffalo, 
Peak Vista, 
Preferred Home Care of New York, 
Ryan Herco Flow Solutions, 
Seafield Center_ Inc., 
Southeast Connections, 
Springfield Illinois Homecare - Visiting Angels, 
STEEL ENCOUNTERS_ INC., 
Tri-County Mental Health Services, 
Village at Proprietors Green, 
VISTA Technology Services, 
Volt Power, 
Whiting Corporation / Whiting Services_ Inc., 
A-Gas, 
Airbus Helicopters_ Inc., 
Alternatives_ Inc., 
American Pest, 
Anderson Precision Inc, 
Arc of Onondaga, 
Arrow Exterminators_ Inc., 
AUSGAR Technologies_ Inc., 
Avmax Group Inc., 
B.H. Inc., 
Ballston Spa National Bank, 
Barnett Engineering & Signaling Laboratories LLC, 
Batteries Plus Bulbs, 
Brooks Construction Company_ Inc., 
Butterfly Effects, 
Canvas Inc., 
Catholic Charities of Oregon, 
Cayuse Holdings, 
Central Ohio Transit Authority, 
Champion Homes, 
Cherokee Town and Country Club, 
Christensen Farms, 
Cipher Tech Solutions, 
Circuit Media LLC, 
City of St. Charles, 
COARC, 
Coast Electric Power Association, 
Community Action Programs Cayuga/Seneca, 
Cornell College , 
Counter Threat Solutions, 
DEFTEC, 
Deschutes Brewery, 
Diesel USA Group, 
Enclos Corp., 
Flynn & O'Hara Uniforms, 
Fox Trail Senior Living, 
GloryBee, 
Goodwill of Greater Cleveland and East Central Ohi, 
Hamilton Company, 
Hills Bank, 
HPM Building Supply, 
Hughes Exterminators, 
Hyperion Biotechnology_ Inc., 
Industrial Air Flow Dynamics_ Inc., 
ISC Consulting Group, 
Kneaders Bakery & Cafe, 
Lee Industries, 
LHP Capital_ LLC, 
Lifetime Assistance_ Inc., 
Louisville Bedding Company, 
LSNE Contract Manufacturing, 
Martin Construction Inc., 
Mavis Tires & Brakes at Discount Prices, 
Mecklenburg Electric Cooperative, 
Mega Rentals_ Inc., 
Mille Lacs Health System, 
Mitchell County Regional Health, 
Montrose Memorial Hospital, 
Mozaic, 
Naders Pest Raiders, 
Nanobiosym_ Inc., 
National Response Corporation, 
ND Energy Services, 
Nemean Solutions_ LLC., 
Next Generation Wireless, 
NorthWestern Energy, 
One Vision, 
Oneida Technical Solutions, 
Ontario ARC, 
Ozarks Electric Cooperative, 
Pontchartrain Partners_ LLC, 
Precision Strip, 
RAINN, 
Randolph Electric Membership Corporation, 
Redneck Trailer Supplies, 
Rite-Solutions Inc., 
Road & Rail Services, 
Rockler Companies_ Inc., 
Saddlebrook Resort, 
Satellite Services_ Inc., 
SGI Global_ LLC, 
Stark Exterminators, 
Stark Tech Group, 
Steel Girder_ LLC, 
SURVICE Engineering, 
The Arc of Chemung-Schuyler, 
The Arc Oneida-Lewis Chapter, 
The Bama Companies_ Inc., 
The Hunton Group, 
The Kelly Group, 
The Millennium Group, 
Titan Protection, 
Torden, 
Turn 14 Distribution, 
US Telecommunications Inc, 
VectorCSP, 
Vibe Credit Union, 
Viking Coca-Cola, 
Viking Termite and Pest Control_ Inc., 
Vuzix Corporation, 
W. M. Keck Observatory, 
Wilson Electronics, 
Wise Foods_ Inc., 
Wiser, 
Witco Inc, 
Youth Homes, 
A.O. Smith, 
A1 Group, 
AAA Cooper Transportation, 
AAF Flanders, 
Aaron's Inc, dayforcehcm.com
ABBTECH Professional Resources_ Inc., 
Accenture, myworkdayjobs.com
ACS Professional Staffing, 
Actalent, 
Acuity Brands, 
Adidas America, 
ADM, 
Advanced Technology Services, jobvite.com
Aegis Therapies, 
Aerotek, 
Akamai Technologies_ Inc., 
Alameda Health System, healthcaresource.com
Alamo Group Inc., 
ALDI, 
Amazon, 
Amazon Web Services, 
Amentum, 
American Airlines, 
American Tower, 
AMITA Health, icims.com
Anaplan, 
Anheuser-Busch, 
Applied Materials, 
Apria, icims.com
APTIM, 
Arvato Bertelsmann, 
Ascension Health, icims.com
Aspen Dental, 
Aston Carter, 
Autodesk, 
AutoZone_ Inc., icims.com | taleo.net
AVEVA, force.com
Baker Concrete Construction_ Inc., 
Ball Corporation, 
Banner Health, 
Barnes & Noble, 
Barnes & Noble Education, ultipro.com
Basin Electric Power Cooperative, Error
Bausch + Lomb, 
BCD Travel, 
Bearwood Concepts_ Inc., taleo.net
Bechtel Corporation, 
Bentley Systems, 
BHE GT&S_ LLC, 
Black & Veatch, 
BlackRock, 
Bloomberg, 
BlueTriton Brands, applytracking.com
Bon Secours Mercy Health, 
BrandSafway, 
Bridgestone Americas_ Inc, myworkdayjobs.com
BrightView, 
Bristol Myers Squibb, 
Broadridge Financial Solutions, 
Brookdale Senior Living, 
Bull Moose Tube, 
Camping World, 
Cargill, successfactors.eu
Carrier, myworkdayjobs.com
Carter's/OshKosh, submit4jobs.com
Catalent Pharma Solutions, 
Catholic Health Initiatives , 
CBRE, 
Celestica, 
Centene Corporation, 
Centerwell, 
Change Healthcare, myworkdayjobs.com
Charles River Laboratories, 
Chesapeake Energy Corporation, 
Chevron Phillips Chemical, 
CHS Inc., 
Cigna, 
Cisco, 
Citizens Bank, taleo.net
City National Bank, 
Clean Harbors, Error
Colgate-Palmolive, 
Columbia Sportswear Company, applytracking.com
CommonSpirit Health, icims.com
Community Health and Counseling Services, 
Community Health Network, Error
Compass Group_ North America, successfactors.com
Comscore, 
Conduent, 
Consolidated Electrical Distributors, Error
ConvaTec, 
Conviva, myworkdayjobs.com
Core-Mark, 
Corning Incorporated, 
Covenant Living Communities and Services, 
Crate & Barrel, icims.com
CRST The Transportation Solution_ Inc., 
Curtiss-Wright Corporation, 
Custom Truck One Source, 
CyrusOne, 
Dairyland Power Cooperative, 
DCP Midstream, 
Definitive Logic, 
Delaware North, 
Delek US Holdings, 
DHL Express_ Inc., 
Dickinson Financial Corporation, 
Digital Prospectors, 
Dignity Health, icims.com
Walt Disney General Entertainment, 
Dominion Energy, successfactors.com
Duane Reade, 
DuPont, 
DXL Group, 
Dynetics, Error
Edgewell Personal Care Brands_ LLC, 
Educational Testing Service, 
Electro-Methods_ Inc, 
Emerson Construction Company_ Inc., csod.com
Encore, 
Energy Northwest, 
EPAM Systems_ Inc., 
Equinor, 
ESPN_ Inc., brassring.com
Essentia Health, myworkdayjobs.com
Essilor of America, 
Eversource Energy, myworkdayjobs.com
Exelon, 
ExxonMobil, 
Fairview Health Services, icims.com
FedEx Custom Critical, 
FedEx Ground, 
FedEx Logistics, 
FedEx Office, myworkdayjobs.com
Fiserv, myworkdayjobs.com
Fisher Investments Company, 
FM Global, 
Fortive Corporation, 
Freeport McMoRan, successfactors.com
FSB Architects + Engineers, 
GE Appliances_ a Haier company, 
Geisinger Health System, myworkdayjobs.com
General Atomics and Affiliated Companies, 
General Dynamics Information Technology, 
GovCIO, 
Grundfos Americas Corporation, 
Guidehouse, icims.com
Gun Lake Casino, 
Healthfirst, 
Hess Corporation, successfactors.com
HireVue, 
Hologic, oraclecloud.com
Home Depot, 
Honeywell, 
HP Inc., myworkdayjobs.com | applytracking.com
Humana, 
Huntington Ingalls Industries, 
IBM, 
ICL, successfactors.eu
ICON Clinical Research, 
ICON Global Strategic Solutions, 
iconectiv, 
Idaho Power Company, 
IGT, 
Infinity Systems Engineering, 
Integra LifeSciences, icims.com
International Paper, 
J.R. Simplot Company, 
Jensen Hughes Inc., 
JPL, myworkdayjobs.com
Johns Hopkins University, 
JPMorgan Chase, 
Kaeser Compressors_ Inc., 
Kedrion Biopharma_ Inc., 
Kellogg, 
Kelly Services, avature.net
Kerry, 
Keurig Dr Pepper, icims.com
Kimco Facility Services, 
Kodiak Gas Services, 
Kowa Pharmaceuticals America, 
KPMG, 
Kuehne+Nagel, 
L3Harris, 
Lahey Health, 
Lambert's Cable Splicing Company_ LLC, ultipro.com
Landmark Health, 
Leidos, 
Leonardo DRS_ Inc., 
Levi_ Ray & Shoup_ Inc., 
Lincoln Financial Group, 
Love's Travel Stops & Country Stores, 
Lundbeck, 
Luxottica, 
ManpowerGroup, 
Marriott, oraclecloud.com | taleo.net
Master Builders Solutions US_ LLC, 
Mathematica, 
MATRIX, myworkdayjobs.com
Maxim Healthcare Services, 
Maxim Healthcare Staffing, 
McAfee_ Inc., myworkdayjobs.com
McDonald's, 
Memorial Healthcare System, 
Memorial Sloan-Kettering Cancer Center, icims.com
Merck, myworkdayjobs.com
Meta, 
MetLife, 
MetroHealth, 
MGM Resorts International, myworkdayjobs.com
Micron Technology_ Inc., myworkdayjobs.com
MillerCoors, successfactors.eu
Mississippi Lime Company, 
Mitsubishi Electric Automotive America_ Inc., 
MOD Pizza, 
Molina Healthcare, oraclecloud.com
Mondelez International, 
Motion Recruitment Partners, 
Mountaire Farms, 
MSC Industrial Supply Co., 
NatWest Markets, 
Navistar_ Inc., 
Nestle, 
New Penn, 
Newell Brands, 
NextEra Energy, 
Nike, avature.net
NiSource, ultipro.com
NORC, pageuppeople.com
Northern Arizona University, 
Novo Nordisk, 
NRG Energy_ Inc., 
Nutanix, 
O'Reilly Automotive Stores_ Inc, 
Office Depot, 
Olympus Corporation of the Americas, 
Omaha Public Power District, Error
OneMain Financial, myworkdayjobs.com
Option Care Health, 
Optum, 
Organon & Co., 
Ormat Technologies_ Inc., 
Overland Contracting, 
Papa John's International, 
Paychex, paychex.com
Paycom Online, 
PeaceHealth, 
Pegasystems, 
Penfed Credit Union, 
Penguin Random House LLC, 
PeopleReady, 
Performance Food Group, 
PetSmart_ Inc., icims.com
Phoenix Children's Hospital, 
Pivot Bio, 
Pizza Hut, 
Port Authority of New York and New Jersey, 
PPD, 
Premise Health, jobvite.com
ProMedica Health System, appone.com
PSEG, 
PVH Corp., 
Quad, taleo.net
Qualtrics, 
Queen's Health Systems, 
Questar Pipeline, 
Radancy, icims.com
Radial, 
Rady Children's Hospital San Diego, 
RailWorks, 
Randstad US, 
Red Hat, 
Regeneron Pharmaceuticals, 
Relias, 
Renesas, 
Republic Airways Holdings, 
Rexel USA, 
Ricoh Americas Corporation, 
Rush Enterprises, icims.com
S&P Global, icims.com
Sabre, 
Safran, 
Sage Therapeutics, 
SAIC, ttcportals.com
Saint-Gobain, 
Santander US, 
SAP, successfactors.eu
SASR Workforce Solutions, 
Satellite Healthcare, 
Schlumberger, 
Schwan's Company, taleo.net
Schwan's Home Delivery, ultipro.com
Schweitzer Engineering Laboratories, 
SEH America Inc., 
Sharecare_ Inc., 
Sharp HealthCare, myworkdayjobs.com
Shift4 Payments- Allentown, 
Siemens, 
SIMOS, 
Sirius Computer Solutions, 
Skanska, 
Snap Inc., 
South Middlesex Opportunity Council, 
Southwestern Energy, 
SS&C Technologies, 
Staff Management | SMX, 
Stanford University, 
Stellant Systems, 
Stratasys, successfactors.com
SunPower, 
Sutherland Global Services, 
Sutter Health, taleo.net
Sykes, 
System One, 
T-ROC, 
Teleperformance USA, 
Tenneco/Federal Mogul Motorparts, silkroad.com
Teradata, 
Teradyne, 
Teva Pharmaceuticals, successfactors.eu
The Clorox Company, 
The Goodyear Tire & Rubber Company, 
The LEGO Group, 
The Mount Sinai Health System, taleo.net
Thermo Fisher Scientific, 
Tractor Supply Company, icims.com
Trane Technologies, 
UCHealth, 
Umpqua Bank, 
Under Armour_ Inc., successfactors.com
UniFirst Corporation, taleo.net
United Site Services, 
Unity Technologies, 
University of Nebraska, 
University of Washington, 
UNUM, 
UPMC, taleo.net
Valvoline, icims.com
Vectrus, 
Vifor Pharma, avature.net
Vitesco Technologies, 
VMware, 
Vontier, 
WakeMed Health & Hospitals, peopleclick.com
Walgreens, 
Warner Media LLC, 
Washington Metropolitan Area Transit Authority, 
Waste Connections, myworkdayjobs.com
Waymo, 
Wayne State University, peopleadmin.com
Wegmans, myworkdayjobs.com
WelbeHealth, 
Whirlpool Corporation, 
Workforce Opportunity Services, 
World Wide Technology, 
WTW, avature.net | taleo.net
ZF, myworkdayjobs.com
ABARTA Coca-Cola Beverages, 
Abbott, 
Abbott House, 
AccessCNY, 
ACLD, 
Advanced Parking Concepts LLC, 
Advantech Industries Inc., 
Aero Snow Removal (Dejana Industries), 
AIM Independent Living Center, 
Akoustis_ Inc., 
Akwesasne Mohawk Casino Resort, 
Albany Housing Authority, 
Amalgamated Bank, 
American Academy of Pediatrics, 
American Outdoor Brands Corporation, 
AMP Public Power Partners, 
Animal Care Centers of NYC, 
Aramsco, 
Arc3 Gases, 
Arrow Financial Corporation, 
Aspen Aerogels_ Inc., 
Assured Environments, 
ATI, 
AXYZ International, 
Bank of George, 
Battlespace_ Inc., 
BEAT LLC, 
Beech-Nut Nutrition, 
BELFOR Property Restoration_ Inc, 
Belle Tire, 
BeneLynk, 
Bioreference Laboratories_ Inc., 
Boys and Girls Clubs of Puerto Rico, 
BRIDGE Housing Corporation, 
Butler Ag, 
Caliber Home Loans, 
Canandaigua National Bank & Trust, 
Cape Abilities_ Inc., 
Cardinal Mccloskey Services, 
Cartamundi, 
Casey's Inc., 
Catholic Charities of the Archdiocese, 
CDI, 
CDPHP, 
Century Linen & Uniform Inc, 
Chestnutlabs, 
Chicago Tube and Iron, 
Chris Craft, 
Cincinnati Bell, 
City Harvest, 
CityServiceValcon, 
ClarkDietrich, 
Climax Portable Machine Tools, 
CNC Software, 
Coast Guard Community Services Command, 
Cole-Parmer, 
Columbia Bank, 
Comerica, 
Commission on Economic Opportunity, 
Convey Health Solutions, 
CoSolutions_ Inc., 
CpK Interior Products, 
Crownco Construction, 
Cruz Associates_ Inc., 
CymSTAR LLC, 
Dairy Farmers of America, 
Dandy Mini Marts, 
Data-Mail, 
DCX-CHOL Enterprises Inc., 
Decisive Point Consulting Group_ LLC, 
DeCrescente Distributing Company, 
del Lago Resort Casino, 
Delco Development, 
Detroit Institute of Art, 
Dextera Corporation, 
Dignitas Technologies LLC, 
DOMA Technologies, 
Drew Marine USA, 
Educational Alliance_ Inc., 
EJ, 
ElderChoice, 
Elements Behavioral Health, 
ELITE One Source Nutritional Services, 
ElleVet Sciences, 
Endeavor Health Services, 
ES3, 
Evergreen Health, 
Exeter Government Services_ LLC, 
FASNY Firemen's Home, 
Fedcap, 
FIFCO USA, 
Financial Center First Credit Union, 
Financial Partners Credit Union, 
FirstLight Fiber, 
Foss Maritime, 
Foundation Partners Group, 
Fountain Electric Services, 
GAT Airline Ground Support, 
Genesis Biotechnology Group, 
Genisys Credit Union, 
Genpro Inc., 
Global Finishing Solutions, 
Global Resource Solutions, 
Golden Artist Colors, 
Goodwill Southeast Georgia, 
Graham Windham, 
Grameen America_ Inc, 
Great Southern Bank, 
Guidewire_ Inc., 
HCR Home Care, 
Health Systems Management_ Inc., 
Healthtronics, 
Helen Keller National Center for Deaf Blind Youths and Adults, 
Helio Health Inc., 
Hexagon Agility, 
Homes for the Homeless, 
Horace Mann Educational Associates, 
Hudson Headwaters Health Network, 
Indium Corporation, 
Industrial Packaging Supplies Inc, 
Infinite Electronics International_ Inc, 
Infogroup ORC, 
Innovation Associates_ Inc., 
Innovative Solutions & Support_ Inc., 
Interstate Van Lines, 
Intrepid Credit Union, 
Investors Bank, 
IT'SUGAR, 
Jacent Strategic Merchandising, 
JCTM LLC, 
Jewish Federation of Southern NJ, 
Jones Sign, 
Kentucky Blood Center, 
Keuka College, 
Kimber Mfg._ Inc., 
Klein Steel Service, 
Kodak Alaris, 
L+M Development Partners Inc., 
Lakeview Health Services, 
Lakeview NeuroRehabilitation Center, 
Leader Communications Inc., 
Legacy Vacation Club, 
Liberty Home Care, 
LiDestri, 
Life Storage, 
LLFLEX, 
LSI Solutions, 
LTCG, 
Lutheran, 
Madison Square Boys & Girls Club, 
Mainstream Living Inc, 
Making Opportunity Count Inc, 
Mark IV Enterprises, 
Market Equipment LLC, 
MC Machinery Systems Inc, 
McGard LLC, 
Mental Health Association of SCK, 
Mercury Systems, 
Metis Technology Solutions_ Inc, 
Metropolitan Commercial Bank, 
Midwest Goods Inc., 
Millennia Housing Management, 
Miller Milling, 
Millerbernd Manufacturing Co., 
MISO Energy, 
Mission Rock Residential, 
Morrison-Maierle, 
Mosaic, 
MPE Inc., 
MPF Federal_ LLC, 
National Children's Center, 
National Parks Conservation Association, 
National Winter Actvity Center, 
NCS Multistage, 
New Leaders, 
New York Edge, 
Newegg Inc., 
Newtown Savings Bank, 
NJ Sharing Network, 
North Country Business Products, 
North Shore Bank, 
Northern Metal Fab_ Inc., 
Northern Rivers Family Services, 
Nou Systems_ Inc., 
OceanFirst Bank, 
Olmsted Center for Sight, 
Olon Ricerca Bioscience LLC, 
Optimax Systems_ Inc, 
OrePac Building Products, 
OrthoNY, 
OSV, 
Outreach Development Corporation, 
Paraco Gas Corporation, 
Partnership for Public Service, 
Pathfinder Bank, 
Patriot Group International_ Inc, 
PCB Piezotronics_ Inc., 
PCI Group_ Inc., 
Pfaudler_ Inc., 
Pine Environmental Services, 
Pioneer Bank, 
Plexus Scientific Corporation, 
Porter and Chester Institute, 
POWDR, 
Power-Flo Technologies, 
Precise Tool & Manufacturing Inc., 
Premier Power Maintenance, 
Prime360, 
Proctors Collaborative, 
ProLog_ Inc., 
Publishers Clearing House, 
Quaker Chemical, 
Quality Innovative Solutions_ Inc., 
Quiet Professionals, 
R3 Strategic Support Group_ Inc., 
Rastelli Foods Group, 
Rescue Mission Alliance of Syracue Inc, 
Resort Group, 
Resource Center for Independent Living, 
Richmond Community Services, 
Robert Reiser & Co. Inc., 
Rochester Housing Authority, 
Rochester Presbyterian Home, 
Ross Aviation, 
Rotary Systems, 
RQI Partners_ LLC, 
Rural Electric, 
Saalex Solutions, 
Saliense Consulting, 
Salt Lake County, 
Samaritan Daytop Village, 
Saratoga Casino Hotel, 
SAS Shoemakers, 
Science Systems and Applications_ Inc., 
Scot Forge Company, 
Security 1 Solutions LLC, 
Security Service Federal Credit Union, 
Senior Care Therapy, 
Service Champions, 
SFS Group USA_ Inc, 
SIMCO Electronics, 
SKC Communication Products LLC, 
SMG, 
SOL Engineering_ LLC, 
Somerset County YMCA, 
Southern States Cooperative_ Inc, 
Spectrum Health and Human Services, 
St. Catherine's Center for Children, 
St. John's Embrace Living, 
Stockman Bank of Montana, 
Sunmark Credit Union, 
Sunnova Energy International Inc., 
Sunrise Management, 
Suntuity Solar, 
Sunworks United_ Inc., 
SweetWorks Confections_ LLC, 
Systematic Inc., 
T and T Consulting Services_ Inc., 
Technical and Project Engineering LLC (TAPE), 
Tele Consultants_ Inc., 
The Actors Fund Home, 
The Arc of Opportunity, 
The Arcanum Group, 
The Bank of Princeton, 
The Caton Companies, 
The Child Center of NY, 
The Fountainhead Group_ Inc., 
The Gallegos Corporation, 
The Larson Group, 
The New Haven Companies Inc, 
The Ocean County Utilities Authority, 
The Raymond Corporation, 
The Resort at Paws Up, 
The Strong, 
Thompson Pump and Manufacturing Co._ Inc., 
Tioga Downs Casino Resort, 
Triangle Inc., 
Trident Technologies, 
Trustco Bank, 
Ultralife Corporation, 
Uniland Development Company, 
United Electric Supply Co._ Inc., 
Unity House, 
Universal Forest Products, 
Universal Instruments Corporation, 
University Medicine, 
Venatore LLC, 
Veritext Legal Solutions, 
Vernon Downs, 
Viability, 
Volcom, 
Wellness Pet Company, 
Western Montana Mental Health Center, 
Wheaton Franciscan Healthcare-Iowa, 
Wheelabrator Technologies, 
Whippany Actuation Systems, 
Whitsons Culinary Group, 
Win (Women In Need), 
Windham Mountain Resort, 
WSFS Bank, 
AbbVie, icims.com | taleo.net
ABCM Corp, 
Absolut Center of Endicott, 
Achieve Rehab and Nursing, 
Acute Home Healthcare, 
Allaire Rehab & Nursing, 
American Dream, 
Anchorage Healthcare Center, 
Aperion Care, 
Arista Healthcare, 
Aspen Hills/ Buttonwood, 
Austin Wellness and Rehabilitation Center, 
Bear Mountain Health Care, 
Bedrock Care, 
Belle Terrace, 
Bensonhurst Center, 
Bethany Center For Rehabilitation & Healing, 
Bishop McCarthy Center, 
Brentwood Place Two, 
BriteLife Recovery, 
Buckeye Terrace Rehabilitation and Nursing Center, 
California Therapy Services, 
Chatham Hills Subacute Care Center, 
Colonial Park Rehabilitation and Nursing Center, 
CommuniCare Health Services Corporate, 
Continental Springs, 
Copley Health Center, 
Cortland Park Rehabilitation & Nursing, 
Cumberland Nursing and Rehabilitation Center, 
Divine Rehabilitation and Nursing at Lodi, 
DMV Home Therapy, 
Dr Smood, 
Eagle Pointe Skilled Nursing, 
Edison HHC, 
Elevate Care Waukegan, 
Enhance Rehabilitation, 
Ethan Crossing, 
Every Piece Counts, 
Fine Care Center, 
Floral Long Term Care, 
Foltsbrook Center for Nursing and Rehabilitation, 
Fountainview Care Center, 
Gallatin Center for Rehabilitation and Healing, 
Glengariff Rehabilitation and Healthcare Center, 
Glenview Wellness and Rehabilitation Center, 
Green Hills Center for Rehabilitation and Healing, 
Green Park Senior Living Community, 
Gurwin Jewish Nursing & Rehabilitation Center, 
Haralson Nursing & Rehabilitation Center, 
Harrison Healthcare Center, 
Highland Nursing Home, 
Imperial Healthcare Rehabilitation and Nursing, 
Irvine Nursing and Rehabilitation Center, 
Jupiter Rehabilitation and Healthcare Center, 
Kadima at Palmyra, 
Lakeside Neurologic, 
LaSante Health Center, 
Laurelwood Healthcare Center, 
Lebanon Center for Rehabilitation and Healing, 
Legend, 
Letcher Manor, 
LifeLine Ambulance Illinois, 
Manchester Center for Rehabilitation and Healing, 
Marquis Home Care, 
Middlesboro Nursing & Rehabilitation Facility, 
Mobile Health, 
MoonDog Grill, 
Morris View Healthcare Center, 
Morrisview Healthcare Center, 
Mystic Meadows Rehab & Nursing Center, 
Nashville Center for Rehabilitation and Healing, 
New York Health Care, 
Newport Meadows Nursing and Rehabilitation Center, 
Niagara Rehabilitation & Nursing Center, 
Northcrest Rehab, 
Northwest Florida Community Hospital, 
Norwichtown Rehab and Care Center, 
Palmetto Subacute Care Center, 
Peachtree Centre, 
Petersburg Healthcare Center, 
Polaris Healthcare, 
Pura Vida Miami, 
Quality Center for Rehabilitation and Healing, 
Renaissance Healthcare, 
Renewal Rehab, 
Rich Square Nursing and Rehabilitation, 
Riverbend Health & Rehab, 
Robinson Terrace Rehabilitation and Nursing Center, 
Sans Souci Rehabilitation & Nursing Center, 
Scarlet Oaks, 
Sellersburg Healthcare Center, 
Serenity Hospice Care, 
Skyline Nursing Center, 
SouthPointe Healthcare Center, 
Southwest Nursing Center, 
Spring Creek Rehabilitation and Nursing Center, 
St. James Rehabilitation & Healthcare Center, 
Sterling Care Frostburg Village, 
Sunny Springs Nursing Center, 
The Emerald Peek Rehabilitation & Nursing Center, 
The Enclave at Rye Rehabilitation & Nursing Center, 
The Grand at Utica, 
The Grand Rehabilitation and Nursing at Barnwell, 
The Grand Rehabilitation and Nursing at Pawling, 
The Grand Rehabilitation and Nursing at Rome, 
The Ivy at Great Falls, 
The PARC Joliet Nursing, 
Trevecca Center for Rehabilitation and Healing, 
Van Duyn Center for Nursing and Rehab, 
Vytalize Health, 
Wedgewood Nursing and Rehabilitation, 
Achieve Beyond, 
Amphenol Borisch Technologies, 
Anderson Trucking Service_ Inc., 
IMRI, 
LC Industries, 
The Conference Board, 
Ackerman-Estvold Engineering, 
Acosta, icims.com
ACT, taleo.net
Action for a Better Community_ Inc., 
Adams 12 Five Star Schools, 
Ball Chatham School District, 
Beaufort-Jasper Academy for Career Excellence, 
Biddeford Schools, 
Carbon Lehigh Intermediate Unit 21, 
Carthage Central School District, 
Glendive Public Schools, 
Gwinnett County Public Schools, 
Helena School District, 
Herkimer BOCES, 
Indian Prairie School District 204, 
Lake Pend Oreille School District, 
Adelantus Company, 
American Bankers Association, 
American Income Life Insurance Company, 
Amphenol Corporation, 
Barnes & Thornburg LLP, 
Capital Edge Consulting, 
Company Confidential, 
Fort Lauderdale Police Department, 
Matanuska Telephone Association, csod.com
Multi Service Corporation, 
N-Store Services, icims.com
National Association of State Workforce Agencies, 
Northeast Material Handling_ Inc., 
NW Management Group, 
Pluris Financial, 
Point Security Company_ Inc., 
Port of Vancouver, 
R4 Incorporated, 
Spectrum Control_ Inc., 
The Viscardi Center, 
AdGear, 
Advance Auto Parts, jobs.net
Advantage Pro Services, 
Advantage Solutions, 
Advantmed, Error
AdventHealth, 
Aecero, 
AECOM, 
Aero, 
Jet-Pipe, 
The Industrial Company (TIC), 
Aflac, 
AGCO Corporation, 
Air Liquide USA LLC, 
Alaska Airlines, 
Horizon Air, 
Albany College of Pharmacy and Health Sciences, 
Albany Medical Center, Error
Alcal Specialty Contracting Inc., successfactors.com
Alice, 
Allegheny Bradford Corporation, 
Allied Universal, icims.com
Always Here Home Care_ Inc., 
Amazon Apprenticeship, 
American Heart Association, icims.com
American Medical Facilities Management, 
Amgen, 
Amida Technology Solutions, 
AniCura, 
Animol Discovery, 
antonline.com, 
AP VENTURES- For FDA, catsone.com
Apegroup, 
Apervita, 
APi Group_ Inc., 
Apple, 
Applied Industrial Technologies, 
Aquarion Water Company, 
AquaSafe Pool Management_ Inc., 
Moore's Electrical & Mechanical Construction_ Inc., 
Arc Mercer, 
Arena Technical Resources_ LLC , 
Argent Technologies_ LLC, 
Arizona Public Service, 
Arkansas Government Job, 
Arrow Electronics, 
Aspire Technology Partners, 
Associated Electric Cooperative_ Inc., Error
Associated Medical Medical Professionals of NY_ PLLC, 
Astellas Pharma, 
Astor services for Children & Family, 
AT&T, taleo.net
Citigroup, avature.net | myworkdayjobs.com
Kaiser Permanente, avature.net | taleo.net
Southern Glazer's Wine and Spirits, 
The Boeing Company, myworkdayjobs.com
UnitedHealth Group, taleo.net
Wells Fargo, brassring.com
Athenex, 
Atlanta Veterinary Specialists, Error
Atlas Technologies_ Inc., 
ATS Automation, 
ATSG Corporation, catsone.com
AutoNation_ Inc., icims.com
Aveanna, 
Avery Dennison, 
Avis Budget Group, 
AZAD Technology Partners, 
BAE Systems, 
Balance Authority, 
Banco Popular Puerto Rico, 
Banfield Pet Hospital, myworkdayjobs.com
Bank of America, avature.net | myworkdayjobs.com
Bank of the West, 
Bank Street College of Education, 
Bankers Life, 
BAO Systems, 
Barry Callebaut, 
BASF, 
BaubleBar, 
Bayada, greenhouse.io
BCA Financial Services_ Inc., 
BD (Becton_ Dickinson and Company), 
Beardbrand, 
Beasley Media Group_ Inc., 
Beer Tree Brew, 
Belimed Inc., 
Berkadia, ttcportals.com
Berkshire Bank, 
Berkshire Family and Individual Resources (BFAIR), entertimeonline.com
Beth Israel Deaconess Medical Center, brassring.com
Bethel Lutheran Home, 
Missouri River Energy Services, 
Bevilacqua Research Corporation, 
BigBear.ai, icims.com
Bilfinger Industrial Services Inc., 
BillShark, 
The Bill Reduction Company, 
Bimbo Bakeries USA, csod.com
Interstate Blood Bank, 
Black Hills Energy, 
Blanton Turner, 
Blinn College, 
Blue Corona, 
Blue Cross and Blue Shield of Illinois_ Montana_ N, 
Children's Aid, 
Blue Cross and Blue Shield of Louisiana, myworkdayjobs.com
BlueHat Mechanical, 
BluePearl, 
Recsolu_ Inc DBA Yello, 
Blueprint Summer Programs, 
Bluestaq LLC, 
BMO Financial Group, 
Boart Longyear, 
Bonduelle America, 
Book of the Month, 
Booz Allen Hamilton, myworkdayjobs.com
Bosselman, 
Tidal Wave Auto Spa, 
Boston Area Rape Crisis Center, 
eTRANSERVICES Corp., 
Northramp LLC, 
Bowdoin College, 
Brafasco, 
BrainStation, 
Bramerz, 
Brandywine Living, 
BRECOflex CO._ L.L.C., 
Bridgewater State University, 
BroadPath Healthcare Solutions, force.com
Brock White, 
Brooklyn Center Community Schools, 
Eden Prairie Schools, 
Wayzata Public Schools, 
Brown-Forman, 
BTAS Inc., 
Burlington, icims.com
Burns & McDonnell, taleo.net
C&S Wholesale Grocers_ Inc., 
C.R. England, Error
CACI International, 
Cakemail, 
CalArk, 
California Energy Commission, 
CalSTRS, 
Camp Venture_ Inc., 
Campbell Scientific Inc, 
Campus Auxiliary Services - SUNY Geneseo, 
Canadian Pacific Railway, 
Canisius College, pageuppeople.com
Canyons School District, Error
Capital City Janitorial_ Incorporated, 
City of Pflugerville, 
Clarke University, 
Cyprus Credit Union, 
Deseret First Credit Union, 
Educational Opportunities for Children & Families, 
EFCO Corp., 
Fabulous Freddys Car Wasd, 
First Community Bank, 
Global Science & Technology , 
Greater Lynn Senior Services, 
Heritage Environmental Services_ LLC, 
Jewish Senior Services, 
Lutheran Immigration and Refugee Service, 
Lutheran Services in Iowa, 
Mercedes Benz of Sugar Land, 
MINACT INC., 
Money Mart Pawn, 
Morgan Corp., 
Nidec Minster Corporation, 
Pearl Buck Center Incorporated, 
Pennsylvania Psychiatric Institute, 
Physicians East, 
Roseburg Forest Products, 
S4 Inc., 
ShelterCare, 
Spurwink Services, 
Summit Design and Engineering Services_ PLLC, 
Tanknology, 
The Layton Companies_ Inc., 
Thompson Engineering, 
Toeroek Associates, 
Veterans Inc., 
Visiting Nurse Association of Southeast Missouri, 
Capital Heating & Cooling, 
Capital One, myworkdayjobs.com
CareerStaff Unlimited, 
CareGivers Home Care, 
CARMAX, 
Catapult Systems, 
Cater2.me, 
Catholic Charities Chemung & Schuyler, 
Catholic Health, 
Catholic Health Services, healthcaresource.com
Maryhaven Center of Hope, healthcaresource.com
Cedars-Sinai, 
Censeo Consulting Group, 
Center for Autism and Related Disorders, 
Centercode, bamboohr.com
Centripetal Networks, 
Centro Incorporated, 
Centuri Group_ Inc., 
NPL Construction, 
CGI Technologies and Solutions_ Inc., 
Charles Schwab, icims.com
Charter Township of Meridian, 
Chenega Corporation, icims.com
Chevron Corporation, 
Chewy, 
Chicken Salad Chick, ultipro.com
Children's Day School, 
Chobani, 
Chumbak Design Pvt. Ltd., 
Church & Dwight Co._ Inc., Error
Cincinnati Incorporated, 
Cintas, 
City of Billings, 
City of Cedar Falls, 
City of Liberty, 
City of Pequot Lakes, 
City of St. Louis Department of Personnel, 
City of Toronto, 
City of West Des Moines, 
City Winery, 
Prospect Capital Restaurants - Wingstop Indiana, 
Clarks Shoes, 
Cleaning Technologies Group, 
Cleveland Clinic, myworkdayjobs.com | healthcaresource.com
clickTRUE Pte Ltd, 
cloudIT_ LLC, Error
CNO Financial Group, 
CNY Outsourcing, 
COCC, 
Codal, 
Coleman|Nourian, 
College of Lake County, 
College of Western Idaho, pageuppeople.com
Collegiate School, 
Colorado Springs Utilities, 
Colorado State University, 
Columbia Memorial Hospital, 
Columbia School of English, 
Column Five, 
Comcast, myworkdayjobs.com | icims.com
Mom's Meals, 
TD Bank, 
Community Action Committee of the Lehigh Valley_ I, 
Community Based Services, 
Community Missions of the Niagara Frontier, 
ConEdison, 
Confluence Technologies Inc., 
ConocoPhillips, taleo.net
Consolidated Nuclear Security LLC, 
Consulate Health Care, icims.com
Continental Fire Sprinkler Company, 
Kiewit Corporation, 
Corizon Health, icims.com
Cornell Cooperative Extension of Suffolk County, myworkdayjobs.com
Cortland University, 
Crane 1 Services_ Inc., 
CreateMe Technologies, 
Critical Logic, 
CSC ServiceWorks, 
CTG, taleo.net
Cull Group, 
Cummins Inc., 
Cummins Behavioral Health Systems Inc., 
StoneTurn Group, 
CUNY, 
Curotec, 
D&G Support Services_ LLC, 
Dal-Tile Corporation, successfactors.com
Danaher Corporation, 
Daniels Memorial Healthcare Center, 
DARRAN, 
Dart Container, 
Dartmouth College, 
Dasera_ Inc., 
Dash Core Group, 
DataServ, 
Flying Colours Corp, 
Louisa Food Products_ Inc., 
Surdex Corporation, 
Western Construction Group, 
Woodard Cleaning and Restoration, 
David Lerner Associates, 
David Weekley Homes, Error
DaySmart Software_ LLC, applytojob.com
Dayton Early College Academy, applytojob.com
Dell, myworkdayjobs.com
Deloitte, 
Devereux Advanced Behavioral Health, icims.com
DevFacto, Error
DeviantArt, Error
Dialysis Clinic_ Inc., 
Digital Air Control_ Inc., 
Digital Intent, 
DISH, icims.com
Do it Best Corp., 
Doctors Without Borders, 
Doosan Bobcat, 
Dorman, 
Dorsey & Whitney LLP, Error
Dove Healthcare, 
Dow Chemical, 
Dow Jones, 
Dudnyk, 
E&J Gallo, successfactors.com
Ease Inc, 
Eaton Corporation, 
Eatzi's Market & Bakery, 
Micropac Industries Inc., 
Efficiency Engineering_ Inc., 
eightfold.ai, 
elastic, 
Elite Enterprise Resources, 
State of Maine_ Office of Information Technology, 
Emory Healthcare/Emory University, 
Empire Southwest, 
Encompass Digital Media, Error
Encompass Onsite LLC, 
Endocrine Society, 
Energizer Holdings_ Inc., 
English Meadows, 
Plum Healthcare Group, 
Silver Birch Services, 
Entergy, 
Enterprise Holdings, 
Epes Transport, 
Etairos Health, 
Ethan Allen Workforce Solutions, 
European Service at Home_ Inc, 
Evolve Vacation Rental, 
EVTKS, 
Expedient, 
EY, 
Fairfield Landscaping, 
Fairleigh Dickinson University, 
Fairmont, 
Fathom, 
FDS AVIONICS, Error
Fever, 
Fiat Chrysler Automobile, 
Firecracker, 
FirstEnergy Corp., 
Floor and Decor, myworkdayjobs.com
Flowserve Corporation, avature.net
Fluor, 
Fordham University, 
Formosa Plastics Corporation_ U.S.A., 
FoxTel, pageuppeople.com
FranklinCovey, 
Frequence, 
Frontdoor, 
Fulcrum Technologies_ Inc, 
FullContact, applytojob.com
FuseMachines, 
fusionSpan, 
G-TECH Services_ Inc., 
G2 Ops_ Inc., 
Garmin, 
GasPedal, Error
General Electric, 
General Stamping & Metalworks, 
Gengo, 
George Washington University Hospital, icims.com
Via Linda Behavioral Hospital, icims.com
GeoSearch_ Inc., 
Gevity Consulting Inc., Error
Ghafari, 
Girl Scouts of America, 
GKN Aerospace, 
Glendive Medical Center, 
Million Air, 
Global Consulting International, 
Global Industrial, 
Glyph Language Services, 
GoDaddy.com, greenhouse.io
Golub & Company, 
Good Samaritan Society, myworkdayjobs.com
Sanford Health, myworkdayjobs.com
GoodTemps, 
Google, 
GoSite, 
Grand Canyon Education, myworkdayjobs.com
Grand Canyon University, 
Grand Valley State University, pageuppeople.com
Gravitational Marketing, 
Graybar, 
Great America Leasing Corporation, Error
Great River Energy, 
Northern Light Health, 
Greenlight, 
GreySignal_ Inc., 
Greystone Power, Error
Gridwise, 
Grier Forensics, 
GuestReady, 
H-FARM S.p.A, 
H.F. Lenz Company, 
H.J. Martin & Son_ Inc., 
Hager Development Group LLC, 
J&J Snack Foods Corp., 
National Renal Care, 
New England Ice Cream, 
RK Environmental Services, 
Rotolo Consultants_ Inc., 
Hair Cuttery, 
Halliburton, Error
Hallmark, 
Hampshire College, 
Hannaford, 
Harmony United Psychiatric Care, 
Harvard University, 
Hasbro, 
HashiCorp, 
Hatch, successfactors.com
Hawaii Pacific Health, 
Hawkeye Community College, 
HD Supply, 
HealthTrust Workforce Solutions, jobs.net
Heath Ceramics, 
Hello Innovation, 
Henkel, csod.com
HG Insights, 
High Tech Genesis, 
Higher Learning Technologies, 
HITT Contracting, 
HNTB, myworkdayjobs.com
Home Instead - Williamsville_ NY, 
Home Instead Senior Care - Hamilton_ NJ, 
Homeless Solutions Inc, 
HonorHealth, icims.com
HostPapa, 
Houghton Mifflin, 
House of the Good Shepherd, 
HP Cummings Construction, 
HUB International, myworkdayjobs.com
Hubbell Power Systems, 
Human Capital Consultants, 
Humera, Error
Huntington Hospital, myworkdayjobs.com
Hyundai Careers, 
IC, 
IDEX, 
IDW, 
IFF, 
IH Services, 
Kimpton Hotels & Restaurants, 
Immucor_ Inc., 
Impulsive Dynamics, 
Independence Living Centers, 
Independent Design Fabrication, 
Indiana Farm Bureau Insurance, ultipro.com
Indiana State Job Bank, Error
Indiana University Health, 
Indigo IT_ LLC, 
Indigo Real Estate, 
Industrial Design Consultancy, 
Influencer Marketing Agency, 
Infosistema, 
Innovative Systems, 
Insight Networking, 
Instacart, 
Institute for Community Health Promotion_ SUNY at Buffalo State, 
Integrated Federal Solutions, hrsmart.com
IntelliDyne, 
Interactive Process Technology, 
Internal Security Associates_ LLC, 
PlusOne Communications_ LLC., 
International Monetary Systems, 
Internet Fusion, 
Linnaeus, 
News UK, 
Protect Line Ltd, 
Interplay, 
Intuit, icims.com
Iowa State Job Bank, Error
IQE, 
QSAC, 
Iron Mechanical, 
Iron Mountain, 
ISOutsource, 
itison, 
J&J Family of Companies, 
J.B. Hunt Transport, 
J.Crew, 
Jacobs, 
James Perse Los Angeles, applytojob.com
Janler Corporation, 
JazzHR, 
Pilgrim's, 
JCPenney, jobvite.com
Jersey Microwave, 
JFUERST Photo, 
JibJab Bros. Studios, 
John Deere, 
Journey Mental Health Care_ Inc., 
Justmop, 
Swedish Health Services, avature.net | taleo.net
Kalix, 
Kalmar Solutions, 
Ketchikan Indian Community, 
Kforce, 
Kindred at Home, 
Kinseth Hospitality Companies, 
Kohl's, avature.net
Konrad Group, 
Kwik Trip/Kwik Star, successfactors.com
L.A. Care Health Plan, 
Labcorp, myworkdayjobs.com
Lacework, 
Lamar University, 
Lamps.com, 
Larson Doors, 
Lawson Products, 
LCI-Lawinger Consulting, 
Leadpages, 
Leap, 
Learning Care Group, oraclecloud.com
Ledcor Group of Companies, myworkdayjobs.com
Lee College, 
Legacy Treatment Services, 
Leggett & Platt_ Incorporated, 
Lehigh Hanson, brassring.com
Leonard Bus Sales_ Inc., 
Levy, 
LIFEPlan CCO NY, 
Ligand Pharmaceuticals, 
Lilly, 
Litmus, 
Livingston International, 
Lockheed Martin, brassring.com
Loundoun County Government, 
Lowe's, 
Loyola University Chicago, 
Loyola University Maryland, 
Lozier Corporation, 
Lucile Packard Children's Hospital Stanford, 
Lumen, successfactors.com
Lutheran SeniorLife, icims.com
Madison County Memorial Hospital, 
Madwell, 
MaidPro, 
Mallinckrodt Pharmaceuticals, Error
Manhattan Beer Distributors, saashr.com
Markem-Imaje, 
MarketFactory, 
Marotta Controls_ Inc., 
Mars, 
Martin Brothers Distributing, 
Masonicare, 
Massaro Construction Group, 
MasterCard, myworkdayjobs.com
MathWorks, 
Mayo Clinic, 
MC A, 
MD Anderson Cancer Center, 
MDU Resources Group, 
MercuryWorks, 
Metacoastal, 
Michigan State University, pageuppeople.com
Michigan Technological University, pageuppeople.com
Microsoft Corporation, 
Midwest Energy Association, 
Missouri State Job Bank, Error
Missouri State University, 
Mobomo_ LLC, Error
Modern Industries, 
Modernizing Medicine, force.com
Mogo Finance Technology Inc., 
Monroe County_ NY, 
Montana State Job Bank, 
Montana State University, 
Montana State University-Northern, 
Morehouse School Of Medicine, 
Mosby Building Arts, 
Mount Airey Group_ Inc, 
MSX International, 
MSys Inc., 
MUFG Union Bank, 
Murray State University, 
Museum Hack, 
MyFlorida, 
N.S. International_ Ltd., 
National Express, 
National Grid, 
National Inventors Hall of Fame, 
X8 LLC, 
Natran Green Pest Control, 
Naveego, 
NCA, 
Nebraska Public Power District, 
Neighborhood House, 
Nelson Schmidt Inc., 
Netdigix Systems Inc, 
Netflix, 
Netfor_ Inc., 
netlogicdc, 
New Directions Youth and Family Services, 
New England Baptist Hospital, taleo.net
New York Post, myworkdayjobs.com
New York State Civil Service, 
Newmont, 
News Corp Australia, 
NextGen Federal Systems, 
NextGuest Digital, 
Niche.com, greenhouse.io
Nicus, 
Nightlight Pediatric Urgent Care, 
Nintendo, 
Nissha Medical Technologies, 
Norfolk Southern, Error
North American Lighting, successfactors.com
North Carolina Agriculture & Technical State Unive, peopleadmin.com
North Carolina Central University, 
North Carolina Electric Membership Corporation, Error
North Carolina State University, 
Northern Michigan University, pageuppeople.com
Northern Montana Hospital, 
Northrop Grumman, 
Northwestern College , 
NowRenting, 
NPI VT, 
NSFWjobs, 
Nspire Healthcare, 
numo, 
Nuveen Investments, taleo.net
TIAA, taleo.net
TIAA Bank, taleo.net
NW Natural, 
NW Self Storage, 
NYSHEX (New York Shipping Exchange), 
Occasion Brands, 
Ocean Casino Hotel, 
Ocean View School District, 
Ohio University, 
Old Dominion University, 
Omnivore, 
ONE Gas, Error
OneGoal, 
ONYX, 
Opportunity Bank of Montana, 
Optimum Health Institute, 
Oregon Tool_ Inc., 
Orleans/Niagara BOCES, 
Our House Inc., Error
Overhead Door Corporation, taleo.net
Owens Corning, successfactors.com
P&K Midwest, 
P.F. Chang's, 
Paccar Winch Inc., 
Pace University, 
Pacific Northwest National Laboratory, icims.com
Pacificorp, 
PadgettServices, 
Paramount, 
PAREXEL International LLC, brassring.com
Parker Plastics_ Inc., 
Parsons Corporation, 
PC Construction Company, hirebridge.com
PDS Tech Inc, force.com
Pearlfisher, 
Pearson, 
Pedernales Electric Cooperative, 
Penn State Health, 
Penske, taleo.net
Penske Automotive, 
Perdue Farms_ Inc., 
Perficient_ Inc., Error
Performant, Error
Perishable Distributors of Iowa, 
Pervenio, 
Peter Kazella & Associates_ Inc., catsone.com
PetFlow, 
Phillips 66, successfactors.com
Pinkerton, 
Pitney Bowes, taleo.net
Plan International USA, 
Planate Management Group LLC, 
PostProcess Technologies, 
Power Engineers, taleo.net
POWSTER, 
PracticeGenius LLC, 
Precision 2000, 
Premier Medical Group of the Hudson Valley, 
PRIMARK, brassring.com
PrincePerelson & Associates, 
Pro-Spec Painting Corporation, 
ProAmpac Holdings_ Inc., 
Profeta Farms, Error
Prose, 
Proteus, 
Providence College, 
Provider Solutions & Development, avature.net
PSI, 
Pulse Secure, 
Puryear IT, 
PwC, 
PX_ Inc, 
Qardio_ Inc., applytojob.com
Quandl Inc, 
Quick Release Inc., 
Radford University, 
Ramapo College of New Jersey, 
Rapptr Labs, 
Ravalli County, 
Raven Aerostar Technical Solutions, 
Raydiant Health Care, 
Raytheon Technologies, 
RCG Behavioral Health Network, 
REA Group, 
Realtor.com, 
Rebel, applytojob.com
Recruit Rooster, 
REDLattice_ Inc, 
Rehabilitation Hospital Of Montana, taleo.net
REI, avature.net
Renown Health, healthcaresource.com
Rensselaer Polytechnic Institute, pageuppeople.com
Republic Finance_ LLC, 
Republican National Committee, 
Research Foundation CUNY, 
Reservoir Labs, 
Resmatic, 
Resn, 
Rev.io, applytojob.com
Reynolds & Reynolds, 
Reynolds American Inc. (RAI), 
Reynolds Consumer Products, 
Rhode Island School of Design, 
RightBrain Networks LLC, bamboohr.com
RightSpace Storage, 
Rigid Tactical, 
Rite Aid Corporation, 
RL Canning, 
Robert Half-Robert Half Corporate, 
Rochester Regional Health, myworkdayjobs.com
Rockefeller University, 
Roehl Transport, 
Roosevelt University, 
Ross Stores_ Inc., taleo.net
Routt County, 
Rustic Pathways, 
RWJBarnabas Health, healthcaresource.com
Ryder System, 
Sage Hospitality Resources, icims.com
Sahara Group Limited_ Nigeria, 
Saint Louis Zoo, 
Saint Regis Mohawk Tribe, 
Salt River Project, 
SRP, 
San Diego Community College District, 
San Jose State University, pageuppeople.com
Sandals Church, 
Sandia National Laboratories, 
Sandvik_ Inc., 
Sanofi Group, 
Saratoga Bridges, 
SaskPower, 
Schindler Holding, 
Schneider, Error
SCI Shared Resources_ LLC, myworkdayjobs.com
Scotiabank, 
Scott Electric, 
Search Influence, 
SeaWorld Parks & Entertainment, 
SeedInvest, 
Sensata Technologies_ Inc., 
Service King, 
Setpoint Systems Corporation, 
Shag Bark Pet Retreat & Spa, 
Shaw Development_ LLC, 
Shaw Industries Inc, 
Sheltering Arms Children and Family Services_ Inc., 
Shepley Bulfinch, 
Sheridan Memorial Hospital Association, 
Signature Dental Partners LLC, 
Simple A, 
Simple Task doo, 
Sirtex Medical Inc, 
SkyWest Airlines, 
Skyworks, 
slippery rock university, 
Slync.io, 
Smart Valor, 
Snaptech Marketing, 
Snohomish County Public Utility District, 
Snohomish County Sheriff, governmentjobs.com
Sobeys, 
Solomon & Sons Relocation Services, 
Solution Tree_ Inc., 
Sony Pictures Entertainment, myworkdayjobs.com
Southern Company, 
Spectrum, brassring.com
Spire Energy, 
Sportsman's Warehouse, 
Sprung Services_ Inc., 
SquadPod, 
St Anthony Regional Hospital, 
St. John Fisher College, 
St. Joseph's Health, icims.com
St. Lawrence University, 
Stantec, brassring.com | taleo.net
Startec, 
State of Indiana, successfactors.com
State of Maine_ Bureau of Human Resources, 
State University of New York at New Paltz, 
SteelSeries, 
Stephen F. Austin State University, 
STERIS, successfactors.com
Stratolaunch_ LLC, 
STREETiD, 
Student Conservation Association, force.com
Study.com, 
Sunbit, 
Suncor, 
SunLife Organics, 
Sunny Delight Beverages Company, 
Sunrise Transportation, 
Sunrun, 
SUNY Buffalo State, 
SUNY Geneseo, 
SUNY Upstate Medical University, pageuppeople.com
SupportNinja, 
Survey.com, 
Susco, 
SVN International Corp., 
Swagelok, 
Symphony Talent_ LLC, 
Synacy, 
SYNERGY HomeCare, 
Syracuse University , 
Sysco Corp, 
T-Mobile, 
TAPTAP Digital, 
Target, myworkdayjobs.com
TCGplayer, 
Teachers College_ Columbia University, pageuppeople.com
Teaching.com, 
TechSoup, 
TECO Energy, 
Teleion LLC, 
Tennant Company, 
Tesla Motors, 
Texas A&M University - Faculty, 
Texas Health Resources, applytracking.com
Texas State Job Bank, Error
Texas State University, 
The Alpha Group, 
The Arc of Rensselaer County, 
The Arnold Companies, ultipro.com
The Computer Merchant_ Ltd., Error
The Greenbrier Companies_ Inc., 
The Greentree Group, 
The Guidance Center of Westchester, 
The Hertz Corporation, icims.com
The Highlands Living Center, 
The Honey Baked Ham Company_ LLC, 
The MITRE Corporation, 
The New School, 
The O'Gara Group, Error
The SAFE Alliance, 
The U.S. Pharmacopeial Convention (USP), ultipro.com
The University of Alabama, 
The University Of Texas At Dallas, 
The Walsh Group, 
The Whole Person, 
THINK Together, 
Thrivas, 
Tiger Pistol, 
Tiny Technologies Inc., applytojob.com
Tispr, applytojob.com
TJX, 
Toolbox TVE, 
Topgolf, 
TouchBistro, 
Town of Webster_ NY, 
Town Pump, 
Tradesmen International_ Inc., icims.com
Traemand, 
Transdev, icims.com
TransVoyant, 
TRAX Internation, 
Treatspace_ Inc., 
Tree Tech Inc., 
TriHealth, 
Trinity Health, myworkdayjobs.com
Trinity Technology Group_ Inc., 
Trio Electric, 
Triple C - The A&E Group, 
True Fit, 
Truist, 
Truman Medical Centers, Error
Trust IT, Error
Twisted Throttle, 
U.S. Bank, 
U.S. Security Care_ Inc., Error
UberEther, 
UCLA Fielding School of Public Health, 
UCSB Library, 
Ultimate LLC, 
UNC Health Care, healthcaresource.com
Underground Construction, icims.com
Union College, pageuppeople.com
United Helpers, Error
United Natural Foods, taleo.net
United Rentals, 
UNIVERSAL Technologies_ LLC, 
University at Buffalo, 
University of Alaska, pageuppeople.com
University of Arizona Global Campus, 
University of California Riverside_ Bourns College, 
University of Delaware, pageuppeople.com
University of Florida, pageuppeople.com
University of Maryland Medical System, peopleclick.com | healthcaresource.com | applytracking.com
University of Massachusetts Amherst, pageuppeople.com
University of North Carolina at Charlotte, 
University of Northern Iowa, 
University of Oregon, pageuppeople.com
University of Rochester, 
University of South Carolina, 
University of Southern California, myworkdayjobs.com
University of Texas Rio Grande Valley, 
University of Utah Health, 
University Of Vermont, 
University of Wisconsin River Falls, 
UPS, 
Upstone Materials, 
Urban Alarm, 
Urban Insight, 
UrbanFootprint, greenhouse.io
US Tax Shield, 
USA Millwork, 
Valmont Industries_ Inc., 
Vancouver Public Schools, peopleadmin.com
Velocity Squared_ LLC, 
Verilab, 
Vertical Mass, 
Vi, 
Victory Packaging, ultipro.com
Vidoori, 
VinoPRO, 
Virent Energy Systems_ Inc., 
Visiting Nurse Association of Boston, 
Vista Projects Limited, 
VIVA USA Inc, 
VOSTROM, 
VPLS Inc, 
W. R. Grace, 
Wacker Chemical, 
Walmart, myworkdayjobs.com | brassring.com
Waterford Hotel Group, 
Wayfair, 
Web Teks, 
WEC Energy Group, 
Weichert Co., 
Wesleyan University, 
Western Carolina University, 
When I Work, applytojob.com
White Cap, myworkdayjobs.com
Whiteboard, 
Wibaux County Nursing Home, 
WillScot Mobile Mini Holdings Corp., 
WK International, 
WMCHealth, 
Wolfram Research_ Inc., 
Wolters Kluwer, 
Woodlands Pet, 
Work Opportunities Unlimited, 
Wunderman Antwerp, 
Wyndham Hotels & Resorts, successfactors.com
Yancey's Fancy, 
Yazamo, 
YMCA of Greater Seattle, Error
Youngstown State University, 
YouVisit LLC, 
ZALORA SEA, 
ZeroCater, 
ZGF Architects, 
Ziva Dynamics, 
Zovio, 
Zuri Furniture, 
Zurich NA, 
